Workbook

Sheet Course Offerings
A1: Course Code | B1: Course Title | C1: Credits | D1: Department | E1: Delivery Mode | F1: Capacity | G1: Current Enrollment | H1: Utilization % | I1: Semester | J1: Status | K1: Prerequisites | L1: Instructor | M1: Last Updated
A2: CS5100 | B2: Foundations of AI | C2: 4 | D2: Computer Science | E2: In-Person | F2: 60 | G2: 47 | H2: =G2/F2 -> 0.78333333 | I2: Fall 2025 | J2: Open | K2: None | L2: Prof. Lee | M2: 46037
A3: CS5200 | B3: Database Management Systems | C3: 4 | D3: Computer Science | E3: Hybrid | F3: 50 | G3: 39 | H3: =G3/F3 -> 0.78 | I3: Spring 2026 | J3: Open | K3: None | L3: Dr. Johnson | M3: 46037
A4: CS5800 | B4: Algorithms | C4: 4 | D4: Computer Science | E4: In-Person | F4: 55 | G4: 47 | H4: =G4/F4 -> 0.85454545 | I4: Spring 2026 | J4: Open | K4: None | L4: Dr. Chen | M4: 46037
A5: CS6140 | B5: Machine Learning | C5: 4 | D5: Computer Science | E5: In-Person | F5: 45 | G5: 37 | H5: =G5/F5 -> 0.82222222 | I5: Spring 2026 | J5: Open | K5: CS5100 | L5: Dr. Patel | M5: 46037
A6: CS6240 | B6: Large-Scale Parallel Data Processing | C6: 4 | D6: Computer Science | E6: In-Person | F6: 40 | G6: 24 | H6: =G6/F6 -> 0.6 | I6: Fall 2025 | J6: Open | K6: CS5800 | L6: Dr. Johnson | M6: 46037
A7: CS5010 | B7: Programming Design Paradigm | C7: 4 | D7: Computer Science | E7: In-Person | F7: 65 | G7: 59 | H7: =G7/F7 -> 0.90769231 | I7: Spring 2026 | J7: Open | K7: None | L7: Dr. Chen | M7: 46037
A8: CS5500 | B8: Foundations of Software Engineering | C8: 4 | D8: Computer Science | E8: Hybrid | F8: 50 | G8: 49 | H8: =G8/F8 -> 0.98 | I8: Spring 2026 | J8: Open | K8: None | L8: Dr. Kumar | M8: 46037
A9: CS6220 | B9: Data Mining Techniques | C9: 4 | D9: Computer Science | E9: In-Person | F9: 40 | G9: 27 | H9: =G9/F9 -> 0.675 | I9: Fall 2025 | J9: Open | K9: CS5200 | L9: Prof. Lee | M9: 46037
A10: DA5020 | B10: Collecting Storing and Retrieving Data | C10: 4 | D10: Data Analytics | E10: Hybrid | F10: 45 | G10: 34 | H10: =G10/F10 -> 0.75555556 | I10: Fall 2025 | J10: Open | K10: None | L10: Dr. Patel | M10: 46037
A11: DA5030 | B11: Introduction to Machine Learning | C11: 4 | D11: Data Analytics | E11: In-Person | F11: 50 | G11: 44 | H11: =G11/F11 -> 0.88 | I11: Fall 2025 | J11: Open | K11: DA5020 | L11: Prof. Lee | M11: 46037
A12: DA6040 | B12: Data Engineering | C12: 4 | D12: Data Analytics | E12: In-Person | F12: 35 | G12: 29 | H12: =G12/F12 -> 0.82857143 | I12: Spring 2026 | J12: Open | K12: DA5020 | L12: Dr. Chen | M12: 46037
A13: DA6100 | B13: Applied Probability and Statistics | C13: 4 | D13: Data Analytics | E13: Online | F13: 60 | G13: 30 | H13: =G13/F13 -> 0.5 | I13: Fall 2025 | J13: Open | K13: None | L13: Prof. Lee | M13: 46037
... A23: IE7200 | B23: Optimization Methods | C23: 4 | D23: Industrial Engineering | E23: Hybrid | F23: 30 | G23: 16 | H23: =G23/F23 -> 0.53333333 | I23: Fall 2025 | J23: Open | K23: None | L23: Prof. Lee | M23: 46037

Sheet Program Requirements
A1: Program | B1: Requirement Category | C1: Course Code | D1: Course Title | E1: Credits | F1: Required/Elective | G1: Min Grade | H1: Notes
A2: M.S. Computer Science | B2: Core | C2: CS5100 | D2: Foundations of AI | E2: 4 | F2: Required | G2: B
A3: M.S. Computer Science | B3: Core | C3: CS5200 | D3: Database Management Systems | E3: 4 | F3: Required | G3: B
A4: M.S. Computer Science | B4: Core | C4: CS5800 | D4: Algorithms | E4: 4 | F4: Required | G4: B
A5: M.S. Computer Science | B5: Core | C5: CS5010 | D5: Programming Design Paradigm | E5: 4 | F5: Required | G5: B
A6: M.S. Computer Science | B6: Elective | C6: CS6140 | D6: Machine Learning | E6: 4 | F6: Elective | G6: B- | H6: Popular elective
A7: M.S. Computer Science | B7: Elective | C7: CS6240 | D7: Large-Scale Parallel Data Processing | E7: 4 | F7: Elective | G7: B-
A8: M.S. Computer Science | B8: Elective | C8: CS5500 | D8: Foundations of Software Engineering | E8: 4 | F8: Elective | G8: B-
A9: M.S. Computer Science | B9: Elective | C9: CS6220 | D9: Data Mining Techniques | E9: 4 | F9: Elective | G9: B- | H9: Cross-listed with DA
A10: M.S. Data Analytics | B10: Core | C10: DA5020 | D10: Collecting Storing and Retrieving Data | E10: 4 | F10: Required | G10: B
A11: M.S. Data Analytics | B11: Core | C11: DA5110 | D11: Data Management for Engineering | E11: 4 | F11: Required | G11: B
A12: M.S. Data Analytics | B12: Core | C12: DA5030 | D12: Introduction to Machine Learning | E12: 4 | F12: Required | G12: B | H12: Prereq: DA5020
A13: M.S. Data Analytics | B13: Core | C13: DA6100 | D13: Applied Probability and Statistics | E13: 4 | F13: Required | G13: B
A14: M.S. Data Analytics | B14: Elective | C14: DA5220 | D14: Data Mining | E14: 4 | F14: Elective | G14: B-
A15: M.S. Data Analytics | B15: Elective | C15: DA5240 | D15: Statistical Learning | E15: 4 | F15: Elective | G15: B-
A16: M.S. Data Analytics | B16: Elective | C16: DA6040 | D16: Data Engineering | E16: 4 | F16: Elective | G16: B-
A17: M.S. Data Analytics | B17: Elective | C17: DA6350 | D17: MLOps | E17: 4 | F17: Elective | G17: B- | H17: New course
A18: M.S. Industrial Engineering | B18: Core | C18: IE7280 | D18: Statistical Methods in Engineering | E18: 4 | F18: Required | G18: B
A19: M.S. Industrial Engineering | B19: Core | C19: IE6600 | D19: Computation and Visualization | E19: 4 | F19: Required | G19: B
A20: M.S. Industrial Engineering | B20: Elective | C20: IE7275 | D20: Data Mining in Engineering | E20: 4 | F20: Elective | G20: B-
A21: M.S. Industrial Engineering | B21: Elective | C21: IE7300 | D21: Statistical Quality Control | E21: 4 | F21: Elective | G21: B-
A22: M.S. Industrial Engineering | B22: Elective | C22: IE7374 | D22: Deep Learning | E22: 4 | F22: Elective | G22: B- | H22: Prereq: IE7275
A23: M.S. Industrial Engineering | B23: Elective | C23: IE7200 | D23: Optimization Methods | E23: 4 | F23: Elective | G23: B-

Sheet Enrollment Selections
A1: Student ID | B1: Student Name | C1: Program | D1: Semester | E1: Course Code | F1: Course Title | G1: Credits | H1: Selection Status | I1: Date Selected | J1: Advisor Approved
A2: NEU100000 | B2: Sofia Sharma | C2: M.S. Data Analytics | D2: Fall 2025 | E2: CS5010 | F2: Programming Design Paradigm | G2: 4 | H2: Waitlisted | I2: 46081 | J2: No
A3: NEU100000 | B3: Sofia Sharma | C3: M.S. Data Analytics | D3: Fall 2025 | E3: DA5030 | F3: Introduction to Machine Learning | G3: 4 | H3: Confirmed | I3: 46091 | J3: Yes
A4: NEU100000 | B4: Sofia Sharma | C4: M.S. Data Analytics | D4: Fall 2025 | E4: CS6220 | F4: Data Mining Techniques | G4: 4 | H4: Confirmed | I4: 46048 | J4: Yes
A5: NEU100000 | B5: Sofia Sharma | C5: M.S. Data Analytics | D5: Fall 2025 | E5: CS6240 | F5: Large-Scale Parallel Data Processing | G5: 4 | H5: Confirmed | I5: 46074 | J5: Yes
A6: NEU100001 | B6: Aisha Garcia | C6: M.S. Data Analytics | D6: Spring 2026 | E6: DA6100 | F6: Applied Probability and Statistics | G6: 4 | H6: Confirmed | I6: 46092 | J6: Yes
A7: NEU100001 | B7: Aisha Garcia | C7: M.S. Data Analytics | D7: Spring 2026 | E7: CS5200 | F7: Database Management Systems | G7: 4 | H7: Confirmed | I7: 46064 | J7: Yes
A8: NEU100002 | B8: Emma Rodriguez | C8: M.S. Computer Science | D8: Fall 2025 | E8: DA5110 | F8: Data Management for Engineering | G8: 4 | H8: Confirmed | I8: 46124 | J8: Yes
A9: NEU100002 | B9: Emma Rodriguez | C9: M.S. Computer Science | D9: Fall 2025 | E9: CS6140 | F9: Machine Learning | G9: 4 | H9: Pending | I9: 46060 | J9: No
A10: NEU100002 | B10: Emma Rodriguez | C10: M.S. Computer Science | D10: Fall 2025 | E10: DA5030 | F10: Introduction to Machine Learning | G10: 4 | H10: Waitlisted | I10: 46101 | J10: No
A11: NEU100003 | B11: Sofia Kumar | C11: M.S. Data Analytics | D11: Spring 2026 | E11: DA5240 | F11: Statistical Learning | G11: 4 | H11: Confirmed | I11: 46026 | J11: Yes
A12: NEU100003 | B12: Sofia Kumar | C12: M.S. Data Analytics | D12: Spring 2026 | E12: DA5110 | F12: Data Management for Engineering | G12: 4 | H12: Confirmed | I12: 46073 | J12: Yes
A13: NEU100003 | B13: Sofia Kumar | C13: M.S. Data Analytics | D13: Spring 2026 | E13: DA6100 | F13: Applied Probability and Statistics | G13: 4 | H13: Confirmed | I13: 46059 | J13: Yes
... A153: NEU100049 | B153: Liam Anderson | C153: M.S. Data Analytics | D153: Spring 2026 | E153: DA6040 | F153: Data Engineering | G153: 4 | H153: Confirmed | I153: 46105 | J153: Yes

Sheet Summary Stats
A1: Metric | B1: Value
A2: Total Courses Offered | B2: =COUNTA('Course Offerings'!A2:A100) -> 22
A3: Total Programs | B3: 3
A4: Avg Utilization % | B4: =AVERAGE('Course Offerings'!H2:H100) -> 0.74030734
A5: Courses at Full Capacity | B5: =COUNTIF('Course Offerings'!J2:J100,"Full") -> 0
A6: Total Enrollment Selections | B6: =COUNTA('Enrollment Selections'!A2:A500) -> 152
A7: Confirmed Enrollments | B7: =COUNTIF('Enrollment Selections'!H2:H500,"Confirmed") -> 101
A8: Pending Enrollments | B8: =COUNTIF('Enrollment Selections'!H2:H500,"Pending") -> 18
A9: Waitlisted Students | B9: =COUNTIF('Enrollment Selections'!H2:H500,"Waitlisted") -> 33
A10: CS Courses | B10: =COUNTIF('Course Offerings'!A2:A100,"CS*") -> 8
A11: DA Courses | B11: =COUNTIF('Course Offerings'!A2:A100,"DA*") -> 8
A12: IE Courses | B12: =COUNTIF('Course Offerings'!A2:A100,"IE*") -> 6

Sheet Validation Log
A1: Check Date | B1: Check Type | C1: Sheet | D1: Issue Found | E1: Severity | F1: Records Affected | G1: Resolution | H1: Status
A2: 46037 | B2: Duplicate Check | C2: Course Offerings | D2: No duplicates found | E2: Info | F2: 0 | G2: N/A | H2: Passed
A3: 46037 | B3: Missing Fields | C3: Course Offerings | D3: 2 courses missing instructor | E3: Medium | F3: 2 | G3: Contacted department | H3: Resolved
A4: 46037 | B4: Format Check | C4: Enrollment Selections | D4: 3 dates in wrong format | E4: Low | F4: 3 | G4: Corrected to YYYY-MM-DD | H4: Resolved
A5: 46038 | B5: Cross-Reference | C5: Program Requirements | D5: 1 course code not in offerings | E5: High | F5: 1 | G5: Added missing course | H5: Resolved
A6: 46038 | B6: Capacity Check | C6: Course Offerings | D6: 4 courses over 90% capacity | E6: Medium | F6: 4 | G6: Flagged for review | H6: Monitoring
A7: 46054 | B7: Duplicate Check | C7: Enrollment Selections | D7: 2 duplicate student-course entries | E7: High | F7: 2 | G7: Removed duplicates | H7: Resolved
A8: 46054 | B8: Approval Check | C8: Enrollment Selections | D8: 8 confirmed without advisor approval | E8: High | F8: 8 | G8: Sent to advisors | H8: Resolved
A9: 46068 | B9: Prerequisite Check | C9: Enrollment Selections | D9: 3 students enrolled without prereqs | E9: High | F9: 3 | G9: Notified students | H9: Resolved
